iso_code,name,latitude,longitude,region,sub_region
AF,Afghanistan,33.93911,67.709953,Asia,Southern Asia
AL,Albania,41.153332,20.168331,Europe,Southern Europe
DZ,Algeria,28.033886,1.659626,Africa,Northern Africa
AS,American Samoa,-14.270972,-170.132217,Oceania,Polynesia
AD,Andorra,42.546245,1.601554,Europe,Southern Europe
AO,Angola,-11.202692,17.873887,Africa,Sub-Saharan Africa
AI,Anguilla,18.220554,-63.068615,Americas,Latin America and the Caribbean
AQ,Antarctica,-75.250973,-0.071389,0,0
AG,Antigua and Barbuda,17.060816,-61.796428,Americas,Latin America and the Caribbean
AR,Argentina,-38.416097,-63.616672,Americas,Latin America and the Caribbean
AM,Armenia,40.069099,45.038189,Asia,Western Asia
AW,Aruba,12.52111,-69.968338,Americas,Latin America and the Caribbean
AU,Australia,-25.274398,133.775136,Oceania,Australia and New Zealand
AT,Austria,47.516231,14.550072,Europe,Western Europe
AZ,Azerbaijan,40.143105,47.576927,Asia,Western Asia
BS,Bahamas,25.03428,-77.39628,Americas,Latin America and the Caribbean
BH,Bahrain,25.930414,50.637772,Asia,Western Asia
BD,Bangladesh,23.684994,90.356331,Asia,Southern Asia
BB,Barbados,13.193887,-59.543198,Americas,Latin America and the Caribbean
BY,Belarus,53.709807,27.953389,Europe,Eastern Europe
BE,Belgium,50.503887,4.469936,Europe,Western Europe
BZ,Belize,17.189877,-88.49765,Americas,Latin America and the Caribbean
BJ,Benin,9.30769,2.315834,Africa,Sub-Saharan Africa
BM,Bermuda,32.321384,-64.75737,Americas,Northern America
BT,Bhutan,27.514162,90.433601,Asia,Southern Asia
BO,Bolivia,-16.290154,-63.588653,Americas,Latin America and the Caribbean
BA,Bosnia and Herzegovina,43.915886,17.679076,Europe,Southern Europe
BW,Botswana,-22.328474,24.684866,Africa,Sub-Saharan Africa
BV,Bouvet Island,-54.423199,3.413194,Americas,Latin America and the Caribbean
BR,Brazil,-14.235004,-51.92528,Americas,Latin America and the Caribbean
IO,British Indian Ocean Territory,-6.343194,71.876519,Africa,Sub-Saharan Africa
VG,British Virgin Islands,18.420695,-64.639968,Americas,Latin America and the Caribbean
BN,Brunei,4.535277,114.727669,Asia,South-eastern Asia
BG,Bulgaria,42.733883,25.48583,Europe,Eastern Europe
BF,Burkina Faso,12.238333,-1.561593,Africa,Sub-Saharan Africa
BI,Burundi,-3.373056,29.918886,Africa,Sub-Saharan Africa
KH,Cambodia,12.565679,104.990963,Asia,South-eastern Asia
CM,Cameroon,7.369722,12.354722,Africa,Sub-Saharan Africa
CA,Canada,56.130366,-106.346771,Americas,Northern America
CV,Cape Verde,16.002082,-24.013197,Africa,Sub-Saharan Africa
KY,Cayman Islands,19.513469,-80.566956,Americas,Latin America and the Caribbean
CF,Central African Republic,6.611111,20.939444,Africa,Sub-Saharan Africa
TD,Chad,15.454166,18.732207,Africa,Sub-Saharan Africa
CL,Chile,-35.675147,-71.542969,Americas,Latin America and the Caribbean
CN,China,35.86166,104.195397,Asia,Eastern Asia
CX,Christmas Island,-10.447525,105.690449,Oceania,Australia and New Zealand
CC,Cocos [Keeling] Islands,-12.164165,96.870956,Oceania,Australia and New Zealand
CO,Colombia,4.570868,-74.297333,Americas,Latin America and the Caribbean
KM,Comoros,-11.875001,43.872219,Africa,Sub-Saharan Africa
CD,Congo [DRC],-4.038333,21.758664,Africa,Sub-Saharan Africa
CG,Congo [Republic],-0.228021,15.827659,Africa,Sub-Saharan Africa
CK,Cook Islands,-21.236736,-159.777671,Oceania,Polynesia
CR,Costa Rica,9.748917,-83.753428,Americas,Latin America and the Caribbean
HR,Croatia,45.1,15.2,Europe,Southern Europe
CU,Cuba,21.521757,-77.781167,Americas,Latin America and the Caribbean
CY,Cyprus,35.126413,33.429859,Asia,Western Asia
CZ,Czech Republic,49.817492,15.472962,Europe,Eastern Europe
CI,C?te d'Ivoire,7.539989,-5.54708,Africa,Sub-Saharan Africa
DK,Denmark,56.26392,9.501785,Europe,Northern Europe
DJ,Djibouti,11.825138,42.590275,Africa,Sub-Saharan Africa
DM,Dominica,15.414999,-61.370976,Americas,Latin America and the Caribbean
DO,Dominican Republic,18.735693,-70.162651,Americas,Latin America and the Caribbean
EC,Ecuador,-1.831239,-78.183406,Americas,Latin America and the Caribbean
EG,Egypt,26.820553,30.802498,Africa,Northern Africa
SV,El Salvador,13.794185,-88.89653,Americas,Latin America and the Caribbean
GQ,Equatorial Guinea,1.650801,10.267895,Africa,Sub-Saharan Africa
ER,Eritrea,15.179384,39.782334,Africa,Sub-Saharan Africa
EE,Estonia,58.595272,25.013607,Europe,Northern Europe
ET,Ethiopia,9.145,40.489673,Africa,Sub-Saharan Africa
FK,Falkland Islands [Islas Malvinas],-51.796253,-59.523613,Americas,Latin America and the Caribbean
FO,Faroe Islands,61.892635,-6.911806,Europe,Northern Europe
FJ,Fiji,-16.578193,179.414413,Oceania,Melanesia
FI,Finland,61.92411,25.748151,Europe,Northern Europe
FR,France,46.227638,2.213749,Europe,Western Europe
GF,French Guiana,3.933889,-53.125782,Americas,Latin America and the Caribbean
PF,French Polynesia,-17.679742,-149.406843,Oceania,Polynesia
TF,French Southern Territories,-49.280366,69.348557,Africa,Sub-Saharan Africa
GA,Gabon,-0.803689,11.609444,Africa,Sub-Saharan Africa
GM,Gambia,13.443182,-15.310139,Africa,Sub-Saharan Africa
GZ,Gaza Strip,31.354676,34.308825,Americas,Latin America and the Caribbean
GE,Georgia,42.315407,43.356892,Asia,Western Asia
DE,Germany,51.165691,10.451526,Europe,Western Europe
GH,Ghana,7.946527,-1.023194,Africa,Sub-Saharan Africa
GI,Gibraltar,36.137741,-5.345374,Europe,Southern Europe
GR,Greece,39.074208,21.824312,Europe,Southern Europe
GL,Greenland,71.706936,-42.604303,Americas,Northern America
GD,Grenada,12.262776,-61.604171,Americas,Latin America and the Caribbean
GP,Guadeloupe,16.995971,-62.067641,Americas,Latin America and the Caribbean
GU,Guam,13.444304,144.793731,Oceania,Micronesia
GT,Guatemala,15.783471,-90.230759,Americas,Latin America and the Caribbean
GG,Guernsey,49.465691,-2.585278,Europe,Northern Europe
GN,Guinea,9.945587,-9.696645,Africa,Sub-Saharan Africa
GW,Guinea-Bissau,11.803749,-15.180413,Africa,Sub-Saharan Africa
GY,Guyana,4.860416,-58.93018,Americas,Latin America and the Caribbean
HT,Haiti,18.971187,-72.285215,Americas,Latin America and the Caribbean
HM,Heard Island and McDonald Islands,-53.08181,73.504158,Oceania,Australia and New Zealand
HN,Honduras,15.199999,-86.241905,Americas,Latin America and the Caribbean
HK,Hong Kong,22.396428,114.109497,Asia,Eastern Asia
HU,Hungary,47.162494,19.503304,Europe,Eastern Europe
IS,Iceland,64.963051,-19.020835,Europe,Northern Europe
IN,India,20.593684,78.96288,Asia,Southern Asia
ID,Indonesia,-0.789275,113.921327,Asia,South-eastern Asia
IR,Iran,32.427908,53.688046,Asia,Southern Asia
IQ,Iraq,33.223191,43.679291,Asia,Western Asia
IE,Ireland,53.41291,-8.24389,Europe,Northern Europe
IM,Isle of Man,54.236107,-4.548056,Europe,Northern Europe
IL,Israel,31.046051,34.851612,Asia,Western Asia
IT,Italy,41.87194,12.56738,Europe,Southern Europe
JM,Jamaica,18.109581,-77.297508,Americas,Latin America and the Caribbean
JP,Japan,36.204824,138.252924,Asia,Eastern Asia
JE,Jersey,49.214439,-2.13125,Europe,Northern Europe
JO,Jordan,30.585164,36.238414,Asia,Western Asia
KZ,Kazakhstan,48.019573,66.923684,Asia,Central Asia
KE,Kenya,-0.023559,37.906193,Africa,Sub-Saharan Africa
KI,Kiribati,-3.370417,-168.734039,Oceania,Micronesia
XK,Kosovo,42.602636,20.902977,Oceania,Polynesia
KW,Kuwait,29.31166,47.481766,Asia,Western Asia
KG,Kyrgyzstan,41.20438,74.766098,Asia,Central Asia
LA,Laos,19.85627,102.495496,Asia,South-eastern Asia
LV,Latvia,56.879635,24.603189,Europe,Northern Europe
LB,Lebanon,33.854721,35.862285,Asia,Western Asia
LS,Lesotho,-29.609988,28.233608,Africa,Sub-Saharan Africa
LR,Liberia,6.428055,-9.429499,Africa,Sub-Saharan Africa
LY,Libya,26.3351,17.228331,Africa,Northern Africa
LI,Liechtenstein,47.166,9.555373,Europe,Western Europe
LT,Lithuania,55.169438,23.881275,Europe,Northern Europe
LU,Luxembourg,49.815273,6.129583,Europe,Western Europe
MO,Macau,22.198745,113.543873,Asia,Eastern Asia
MK,Macedonia [FYROM],41.608635,21.745275,Europe,Southern Europe
MG,Madagascar,-18.766947,46.869107,Africa,Sub-Saharan Africa
MW,Malawi,-13.254308,34.301525,Africa,Sub-Saharan Africa
MY,Malaysia,4.210484,101.975766,Asia,South-eastern Asia
MV,Maldives,3.202778,73.22068,Asia,Southern Asia
ML,Mali,17.570692,-3.996166,Africa,Sub-Saharan Africa
MT,Malta,35.937496,14.375416,Europe,Southern Europe
MH,Marshall Islands,7.131474,171.184478,Oceania,Micronesia
MQ,Martinique,14.641528,-61.024174,Americas,Latin America and the Caribbean
MR,Mauritania,21.00789,-10.940835,Africa,Sub-Saharan Africa
MU,Mauritius,-20.348404,57.552152,Africa,Sub-Saharan Africa
YT,Mayotte,-12.8275,45.166244,Africa,Sub-Saharan Africa
MX,Mexico,23.634501,-102.552784,Americas,Latin America and the Caribbean
FM,Micronesia,7.425554,150.550812,Oceania,Micronesia
MD,Moldova,47.411631,28.369885,Europe,Eastern Europe
MC,Monaco,43.750298,7.412841,Europe,Western Europe
MN,Mongolia,46.862496,103.846656,Asia,Eastern Asia
ME,Montenegro,42.708678,19.37439,Europe,Southern Europe
MS,Montserrat,16.742498,-62.187366,Americas,Latin America and the Caribbean
MA,Morocco,31.791702,-7.09262,Africa,Northern Africa
MZ,Mozambique,-18.665695,35.529562,Africa,Sub-Saharan Africa
MM,Myanmar [Burma],21.913965,95.956223,Asia,South-eastern Asia
NA,Namibia,-22.95764,18.49041,Africa,Sub-Saharan Africa
NR,Nauru,-0.522778,166.931503,Oceania,Micronesia
NP,Nepal,28.394857,84.124008,Asia,Southern Asia
NL,Netherlands,52.132633,5.291266,Europe,Western Europe
AN,Netherlands Antilles,12.226079,-69.060087,Asia,Western Asia
NC,New Caledonia,-20.904305,165.618042,Oceania,Melanesia
NZ,New Zealand,-40.900557,174.885971,Oceania,Australia and New Zealand
NI,Nicaragua,12.865416,-85.207229,Americas,Latin America and the Caribbean
NE,Niger,17.607789,8.081666,Africa,Sub-Saharan Africa
NG,Nigeria,9.081999,8.675277,Africa,Sub-Saharan Africa
NU,Niue,-19.054445,-169.867233,Oceania,Polynesia
NF,Norfolk Island,-29.040835,167.954712,Oceania,Australia and New Zealand
KP,North Korea,40.339852,127.510093,Asia,Eastern Asia
MP,Northern Mariana Islands,17.33083,145.38469,Oceania,Micronesia
NO,Norway,60.472024,8.468946,Europe,Northern Europe
OM,Oman,21.512583,55.923255,Asia,Western Asia
PK,Pakistan,30.375321,69.345116,Asia,Southern Asia
PW,Palau,7.51498,134.58252,Oceania,Micronesia
PS,Palestinian Territories,31.952162,35.233154,Asia,Western Asia
PA,Panama,8.537981,-80.782127,Americas,Latin America and the Caribbean
PG,Papua New Guinea,-6.314993,143.95555,Oceania,Melanesia
PY,Paraguay,-23.442503,-58.443832,Americas,Latin America and the Caribbean
PE,Peru,-9.189967,-75.015152,Americas,Latin America and the Caribbean
PH,Philippines,12.879721,121.774017,Asia,South-eastern Asia
PN,Pitcairn Islands,-24.703615,-127.439308,Oceania,Polynesia
PL,Poland,51.919438,19.145136,Europe,Eastern Europe
PT,Portugal,39.399872,-8.224454,Europe,Southern Europe
PR,Puerto Rico,18.220833,-66.590149,Americas,Latin America and the Caribbean
QA,Qatar,25.354826,51.183884,Asia,Western Asia
RO,Romania,45.943161,24.96676,Europe,Eastern Europe
RU,Russia,61.52401,105.318756,Europe,Eastern Europe
RW,Rwanda,-1.940278,29.873888,Africa,Sub-Saharan Africa
RE,R?union,-21.115141,55.536384,Africa,Sub-Saharan Africa
SH,Saint Helena,-24.143474,-10.030696,Africa,Sub-Saharan Africa
KN,Saint Kitts and Nevis,17.357822,-62.782998,Americas,Latin America and the Caribbean
LC,Saint Lucia,13.909444,-60.978893,Americas,Latin America and the Caribbean
PM,Saint Pierre and Miquelon,46.941936,-56.27111,Americas,Northern America
VC,Saint Vincent and the Grenadines,12.984305,-61.287228,Americas,Latin America and the Caribbean
WS,Samoa,-13.759029,-172.104629,Oceania,Polynesia
SM,San Marino,43.94236,12.457777,Europe,Southern Europe
SA,Saudi Arabia,23.885942,45.079162,Asia,Western Asia
SN,Senegal,14.497401,-14.452362,Africa,Sub-Saharan Africa
RS,Serbia,44.016521,21.005859,Europe,Southern Europe
SC,Seychelles,-4.679574,55.491977,Africa,Sub-Saharan Africa
SL,Sierra Leone,8.460555,-11.779889,Africa,Sub-Saharan Africa
SG,Singapore,1.352083,103.819836,Asia,South-eastern Asia
SK,Slovakia,48.669026,19.699024,Europe,Eastern Europe
SI,Slovenia,46.151241,14.995463,Europe,Southern Europe
SB,Solomon Islands,-9.64571,160.156194,Oceania,Melanesia
SO,Somalia,5.152149,46.199616,Africa,Sub-Saharan Africa
ZA,South Africa,-30.559482,22.937506,Africa,Sub-Saharan Africa
GS,South Georgia and the South Sandwich Islands,-54.429579,-36.587909,Americas,Latin America and the Caribbean
KR,South Korea,35.907757,127.766922,Asia,Eastern Asia
ES,Spain,40.463667,-3.74922,Europe,Southern Europe
LK,Sri Lanka,7.873054,80.771797,Asia,Southern Asia
SD,Sudan,12.862807,30.217636,Africa,Northern Africa
SR,Suriname,3.919305,-56.027783,Americas,Latin America and the Caribbean
SJ,Svalbard and Jan Mayen,77.553604,23.670272,Europe,Northern Europe
SZ,Swaziland,-26.522503,31.465866,Africa,Sub-Saharan Africa
SE,Sweden,60.128161,18.643501,Europe,Northern Europe
CH,Switzerland,46.818188,8.227512,Europe,Western Europe
SY,Syria,34.802075,38.996815,Asia,Western Asia
ST,S?o Tom? and Pr?ncipe,0.18636,6.613081,Africa,Sub-Saharan Africa
TW,Taiwan,23.69781,120.960515,0,0
TJ,Tajikistan,38.861034,71.276093,Asia,Central Asia
TZ,Tanzania,-6.369028,34.888822,Africa,Sub-Saharan Africa
TH,Thailand,15.870032,100.992541,Asia,South-eastern Asia
TL,Timor-Leste,-8.874217,125.727539,Asia,South-eastern Asia
TG,Togo,8.619543,0.824782,Africa,Sub-Saharan Africa
TK,Tokelau,-8.967363,-171.855881,Oceania,Polynesia
TO,Tonga,-21.178986,-175.198242,Oceania,Polynesia
TT,Trinidad and Tobago,10.691803,-61.222503,Americas,Latin America and the Caribbean
TN,Tunisia,33.886917,9.537499,Africa,Northern Africa
TR,Turkey,38.963745,35.243322,Asia,Western Asia
TM,Turkmenistan,38.969719,59.556278,Asia,Central Asia
TC,Turks and Caicos Islands,21.694025,-71.797928,Americas,Latin America and the Caribbean
TV,Tuvalu,-7.109535,177.64933,Oceania,Polynesia
UM,U.S. Minor Outlying Islands,,,Oceania,Micronesia
VI,U.S. Virgin Islands,18.335765,-64.896335,Americas,Latin America and the Caribbean
UG,Uganda,1.373333,32.290275,Africa,Sub-Saharan Africa
UA,Ukraine,48.379433,31.16558,Europe,Eastern Europe
AE,United Arab Emirates,23.424076,53.847818,Asia,Western Asia
GB,United Kingdom,55.378051,-3.435973,Europe,Northern Europe
US,United States,37.09024,-95.712891,Americas,Northern America
UY,Uruguay,-32.522779,-55.765835,Americas,Latin America and the Caribbean
UZ,Uzbekistan,41.377491,64.585262,Asia,Central Asia
VU,Vanuatu,-15.376706,166.959158,Oceania,Melanesia
VA,Vatican City,41.902916,12.453389,Europe,Southern Europe
VE,Venezuela,6.42375,-66.58973,Americas,Latin America and the Caribbean
VN,Vietnam,14.058324,108.277199,Asia,South-eastern Asia
WF,Wallis and Futuna,-13.768752,-177.156097,Oceania,Polynesia
EH,Western Sahara,24.215527,-12.885834,Africa,Northern Africa
YE,Yemen,15.552727,48.516388,Asia,Western Asia
ZM,Zambia,-13.133897,27.849332,Africa,Sub-Saharan Africa
ZW,Zimbabwe,-19.015438,29.154857,Africa,Sub-Saharan Africa
